"Post Id","Author Id",Like,Comment,View
1435,9,1,"Accusantium ut atque cumque.",1
1498,9,1,"Ut velit unde in ipsa iusto.",1
1435,9,1,"Harum saepe doloremque distinctio impedit praesentium ullam molestias.",1
1494,9,1,"Consequatur atque dolor quisquam quia dolores.",1
1494,9,1,"Consequatur atque dolor quisquam quia dolores.",1
1494,9,1,"Consequatur atque dolor quisquam quia dolores.",1
1494,9,1,"Consequatur atque dolor quisquam quia dolores.",1
1494,9,1,"Consectetur cumque ut eligendi voluptates dolores odio consequuntur recusandae.",1
1494,9,1,"Consectetur cumque ut eligendi voluptates dolores odio consequuntur recusandae.",1
1494,9,1,"Consectetur cumque ut eligendi voluptates dolores odio consequuntur recusandae.",1
1494,9,1,"Consectetur cumque ut eligendi voluptates dolores odio consequuntur recusandae.",1
1414,9,1,"Harum ex iure accusamus unde modi.",1
1501,9,1,"Comment Plz",1
1501,9,1,"Comment Plz",1
1501,9,1,"Comment Plz",1
1501,9,1,"Comment Plz",1
1501,9,1,"Comment Plz",1
1501,9,1,"Comment Plz",1
1501,9,1,"Comment Plz",1
1501,9,1,"Comment Plz",1
1501,9,1,"Comment Plz",1
1501,9,1,"Comment Plz",1
1501,9,1,"Comment Plz",1
1501,9,1,"Comment Plz",1
1501,9,1,"Comment Plz",1
1501,9,1,"Comment Plz",1
1501,9,1,"Comment Plz",1
1501,9,1,"Comment Plz",1
1501,9,1,"Comment Plz",1
1501,9,1,"Comment Plz",1
1501,9,1,"Comment Plz",1
1501,9,1,"Comment Plz",1
1501,9,1,"Hey braaa",1
1501,9,1,"Hey braaa",1
1501,9,1,"Hey braaa",1
1501,9,1,"Hey braaa",1
1501,9,1,"Hey braaa",1
1501,9,1,"Hey braaa",1
1501,9,1,"Hey braaa",1
1501,9,1,"Hey braaa",1
1501,9,1,"Hey braaa",1
1501,9,1,"Hey braaa",1
1501,9,1,"Hey braaa",1
1501,9,1,"Hey braaa",1
1501,9,1,"Hey braaa",1
1501,9,1,"Hey braaa",1
1501,9,1,"Hey braaa",1
1501,9,1,"Hey braaa",1
1501,9,1,"Hey braaa",1
1501,9,1,"Hey braaa",1
1501,9,1,"Hey braaa",1
1501,9,1,"Hey braaa",1
1501,9,1,"New comment from Jarell",1
1501,9,1,"New comment from Jarell",1
1501,9,1,"New comment from Jarell",1
1501,9,1,"New comment from Jarell",1
1501,9,1,"New comment from Jarell",1
1501,9,1,"New comment from Jarell",1
1501,9,1,"New comment from Jarell",1
1501,9,1,"New comment from Jarell",1
1501,9,1,"New comment from Jarell",1
1501,9,1,"New comment from Jarell",1
1501,9,1,"New comment from Jarell",1
1501,9,1,"New comment from Jarell",1
1501,9,1,"New comment from Jarell",1
1501,9,1,"New comment from Jarell",1
1501,9,1,"New comment from Jarell",1
1501,9,1,"New comment from Jarell",1
1501,9,1,"New comment from Jarell",1
1501,9,1,"New comment from Jarell",1
1501,9,1,"New comment from Jarell",1
1501,9,1,"New comment from Jarell",1
1498,9,1,Nothing,1
1501,9,1,"new from Windows",1
1501,9,1,"new from Windows",1
1501,9,1,"new from Windows",1
1501,9,1,"new from Windows",1
1501,9,1,"new from Windows",1
1501,9,1,"new from Windows",1
1501,9,1,"new from Windows",1
1501,9,1,"new from Windows",1
1501,9,1,"new from Windows",1
1501,9,1,"new from Windows",1
1501,9,1,"new from Windows",1
1501,9,1,"new from Windows",1
1501,9,1,"new from Windows",1
1501,9,1,"new from Windows",1
1501,9,1,"new from Windows",1
1501,9,1,"new from Windows",1
1501,9,1,"new from Windows",1
1501,9,1,"new from Windows",1
1501,9,1,"new from Windows",1
1501,9,1,"new from Windows",1
1501,9,1,Mobile,1
1501,9,1,Mobile,1
1501,9,1,Mobile,1
1501,9,1,Mobile,1
1501,9,1,Mobile,1
1501,9,1,Mobile,1
1501,9,1,Mobile,1
1501,9,1,Mobile,1
1501,9,1,Mobile,1
1501,9,1,Mobile,1
1501,9,1,Mobile,1
1501,9,1,Mobile,1
1501,9,1,Mobile,1
1501,9,1,Mobile,1
1501,9,1,Mobile,1
1501,9,1,Mobile,1
1501,9,1,Mobile,1
1501,9,1,Mobile,1
1501,9,1,Mobile,1
1501,9,1,Mobile,1
1490,9,1,"Hey Nice to know",1
1490,9,1,"Hey Nice to know",1
